<!-- <COMPANY>
<EMPLOYEE>
    <EMPNO>121</EMPNO>
    <EMPNAME>SEGAR</EMPNAME>
    <POSITION>MANAGER</POSITION>
</EMPLOYEE>
<EMPLOYEE>
    <EMPNO>122</EMPNO>
    <EMPNAME>MUKESH</EMPNAME>
    <POSITION>OFFICE</POSITION>
</EMPLOYEE>
<EMPLOYEE>
    <EMPNO>123</EMPNO>
    <EMPNAME>ARUL</EMPNAME>
    <POSITION>PUNE</POSITION>
</EMPLOYEE>
</COMPANY> -->


<COMPANY>
    <EMPLOYEE>
        <EMPNO>121</EMPNO>
        <EMPNAME>SEGAR</EMPNAME>
        <POSITION>MANAGER</POSITION>
    </EMPLOYEE>
    <EMPLOYEE>
        <EMPNO>122</EMPNO>
        <EMPNAME>MUKESH</EMPNAME>
        <POSITION>OFFICE</POSITION>
    </EMPLOYEE>
    <EMPLOYEE>
        <EMPNO>123</EMPNO>
        <EMPNAME>ARUL</EMPNAME>
        <POSITION>PUNE</POSITION>
    </EMPLOYEE>
</COMPANY>
